{
  "project_info": {
    "project_number": "576135213405",
    "project_id": "lddm-4e197",
    "storage_bucket": "lddm-4e197.appspot.com"
  },
  "client": [
    {
      "client_info": {
        "mobilesdk_app_id": "1:576135213405:android:ace53c53dd3b52e1ccb8b4",
        "android_client_info": {
          "package_name": "com.LDDMinc.br.doitnow"
        }
      },
      "oauth_client": [
        {
          "client_id": "576135213405-q1dm4qart20vvvefcbr7vs3rt5a03q2e.apps.googleusercontent.com",
          "client_type": 3
        }
      ],
      "api_key": [
        {
          "current_key": "AIzaSyCWoVvOTECZ13Pa3Beft1R1ojTogUXMcyw"
        }
      ],
      "services": {
        "appinvite_service": {
          "other_platform_oauth_client": [
            {
              "client_id": "576135213405-q1dm4qart20vvvefcbr7vs3rt5a03q2e.apps.googleusercontent.com",
              "client_type": 3
            }
          ]
        }
      }
    }
  ],
  "configuration_version": "1"
}